id	first_name	last_name	email
1	Nike	Badrick	nbadrick0@nhs.uk
2	Adolph	Spurman	aspurman1@cpanel.net
3	Rolf	Allred	rallred2@meetup.com
4	Brear	Sockell	bsockell3@weather.com
5	Celina	Andryushchenko	candryushchenko4@dailymotion.com
6	Milzie	Prince	mprince5@dyndns.org
7	Frank	Prate	fprate6@nationalgeographic.com
8	Glendon	Hynam	ghynam7@hao123.com
9	Der	Van Der Weedenburg	dvanderweedenburg8@godaddy.com
10	Rosabelle	O'Lunny	rolunny9@illinois.edu
11	Errol	Aldersey	ealderseya@homestead.com
12	Garey	Dedden	gdeddenb@constantcontact.com
13	Horatius	Halms	hhalmsc@vistaprint.com
14	Rafaellle	Ballingal	rballingald@qq.com
15	Dar	Frill	dfrille@dyndns.org
16	Nadeen	Woofinden	nwoofindenf@desdev.cn
17	Javier	Flexman	jflexmang@facebook.com
18	Courtenay	McCandie	cmccandieh@list-manage.com
19	Bamby	Polet	bpoleti@blogtalkradio.com
20	Anallese	Scripps	ascrippsj@shareasale.com
21	Clemmy	Hedgecock	chedgecockk@uol.com.br
22	Maryl	Mellows	mmellowsl@cornell.edu
23	Benn	Le Fleming	bleflemingm@ed.gov
24	Karil	Simnett	ksimnettn@imgur.com
25	Roxanne	Learmont	rlearmonto@4shared.com
26	Terra	Kintzel	tkintzelp@google.co.uk
27	Martita	MacIlhagga	mmacilhaggaq@yandex.ru
28	Laurent	Rentoll	lrentollr@irs.gov
29	Cristi	Knightsbridge	cknightsbridges@behance.net
30	Fredia	Ackwood	fackwoodt@woothemes.com
31	Lorilee	Leedes	lleedesu@plala.or.jp
32	Eleonora	Fredi	efrediv@nyu.edu
33	Peterus	Ashard	pashardw@economist.com
34	Barnebas	Goosnell	bgoosnellx@salon.com
35	Lezley	Moyler	lmoylery@wikispaces.com
36	Kettie	Guillet	kguilletz@reddit.com
37	Starlene	Hamberstone	shamberstone10@amazon.de
38	Kelli	Cawsby	kcawsby11@angelfire.com
39	Charleen	Dolan	cdolan12@etsy.com
40	Evelina	Malia	emalia13@hud.gov
41	Yancy	Mahy	ymahy14@mysql.com
42	Richard	Powlesland	rpowlesland15@techcrunch.com
43	Floris	Currey	fcurrey16@skyrock.com
44	Averill	Langstone	alangstone17@miibeian.gov.cn
45	Jean	Dutch	jdutch18@usda.gov
46	Shoshana	Handley	shandley19@miitbeian.gov.cn
47	Udall	Coult	ucoult1a@cmu.edu
48	Archibald	oldey	aoldey1b@deviantart.com
49	Winston	Trebilcock	wtrebilcock1c@prweb.com
50	Farley	Mitkov	fmitkov1d@wired.com
51	Killian	Gilffillan	kgilffillan1e@google.es
52	Aliza	Sarath	asarath1f@clickbank.net
53	Rozelle	Eisak	reisak1g@dropbox.com
54	Friederike	Sydney	fsydney1h@ucsd.edu
55	Katina	Heart	kheart1i@example.com
56	Dell	Havick	dhavick1j@amazon.co.jp
57	Dalt	Gary	dgary1k@arizona.edu
58	Jamesy	Pacquet	jpacquet1l@g.co
59	Rianon	Keeri	rkeeri1m@nasa.gov
60	Flossy	Dominici	fdominici1n@bloglines.com
61	Vladamir	Yonnie	vyonnie1o@google.it
62	Pooh	Bendix	pbendix1p@1688.com
63	Ebony	Esbrook	eesbrook1q@g.co
64	Floyd	Lomas	flomas1r@fema.gov
65	Cyb	Singyard	csingyard1s@examiner.com
66	Albert	O'Grady	aogrady1t@list-manage.com
67	Kippie	MacQuarrie	kmacquarrie1u@mediafire.com
68	Aubrette	Kliner	akliner1v@admin.ch
69	Jon	Bonnet	jbonnet1w@sphinn.com
70	Adolphe	Norheny	anorheny1x@discuz.net
71	Henryetta	Tures	htures1y@wikipedia.org
72	Cynthie	Tugwell	ctugwell1z@ehow.com
73	Sigfried	Surcomb	ssurcomb20@msn.com
74	Penny	Forte	pforte21@wikipedia.org
75	Gavrielle	Greenhalf	ggreenhalf22@cafepress.com
76	Delaney	Garrold	dgarrold23@de.vu
77	Harman	Bellhouse	hbellhouse24@ask.com
78	Rubetta	Wingfield	rwingfield25@home.pl
79	Tybie	Dossit	tdossit26@tumblr.com
80	Raquela	Wellington	rwellington27@bizjournals.com
81	Milt	Mapston	mmapston28@ft.com
82	Cal	Gettone	cgettone29@ibm.com
83	Agnes	Hellen	ahellen2a@smugmug.com
84	Dolf	Joreau	djoreau2b@printfriendly.com
85	Rana	Gonnely	rgonnely2c@livejournal.com
86	Sande	Mallon	smallon2d@sbwire.com
87	Yule	Iban	yiban2e@jiathis.com
88	Crissie	Lecount	clecount2f@furl.net
89	Vinni	Pardy	vpardy2g@salon.com
90	Rosaline	Billett	rbillett2h@nasa.gov
91	Nester	Snary	nsnary2i@ustream.tv
92	Had	Gear	hgear2j@newyorker.com
93	Codi	Dadds	cdadds2k@t.co
94	Kimbra	Rabbe	krabbe2l@netvibes.com
95	Terrence	Childerley	tchilderley2m@ifeng.com
96	Bondy	MacGille	bmacgille2n@geocities.com
97	Peg	Grinyov	pgrinyov2o@abc.net.au
98	Camila	Ortsmann	cortsmann2p@wunderground.com
99	Johan	Purvess	jpurvess2q@sohu.com
100	Blakelee	Jarrard	bjarrard2r@npr.org
101	Griff	Diehn	gdiehn2s@imgur.com
102	Free	Stepney	fstepney2t@artisteer.com
103	Analise	Duffrie	aduffrie2u@printfriendly.com
104	Cassondra	Giacopelo	cgiacopelo2v@huffingtonpost.com
105	Adan	Stowers	astowers2w@berkeley.edu
106	Cristionna	Cherry	ccherry2x@artisteer.com
107	Christean	Pettman	cpettman2y@bizjournals.com
108	Kerwinn	Ricciardi	kricciardi2z@cmu.edu
109	Samson	Jaulmes	sjaulmes30@ibm.com
110	Dru	Dunn	ddunn31@boston.com
111	Rhett	Stayt	rstayt32@indiegogo.com
112	Cathie	Crighton	ccrighton33@miitbeian.gov.cn
113	Aloysia	Vynoll	avynoll34@hubpages.com
114	Jo-anne	Gulvin	jgulvin35@dell.com
115	Leif	D'Aguanno	ldaguanno36@about.me
116	Danit	Debnam	ddebnam37@ning.com
117	Elsa	Ambrogio	eambrogio38@nps.gov
118	Min	Knaggs	mknaggs39@go.com
119	Griselda	Mennear	gmennear3a@indiatimes.com
120	Pamela	Woodstock	pwoodstock3b@networksolutions.com
121	Ambur	Grevel	agrevel3c@opensource.org
122	Linea	Beaty	lbeaty3d@xing.com
123	Justine	Vitler	jvitler3e@elegantthemes.com
124	Audi	Jennick	ajennick3f@google.ru
125	Julietta	Klarzynski	jklarzynski3g@sohu.com
126	Elvina	MattiCCI	ematticci3h@nhs.uk
127	Rafaello	Tregonna	rtregonna3i@creativecommons.org
128	Rossy	Dobsons	rdobsons3j@scribd.com
129	Romonda	Illyes	rillyes3k@google.es
130	Brook	Dudney	bdudney3l@naver.com
131	Eward	Carlisle	ecarlisle3m@disqus.com
132	Liza	Fotheringham	lfotheringham3n@acquirethisname.com
133	Pearle	Rabbitt	prabbitt3o@tripadvisor.com
134	Leticia	Sherborne	lsherborne3p@ocn.ne.jp
135	Natty	Erik	nerik3q@cnn.com
136	Mufi	Deetch	mdeetch3r@earthlink.net
137	Timi	Brownsey	tbrownsey3s@archive.org
138	Cathleen	Cains	ccains3t@blogs.com
139	Maryjane	Norcock	mnorcock3u@blogs.com
140	Nicolea	Evett	nevett3v@posterous.com
141	Lorenzo	Jiricka	ljiricka3w@google.nl
142	Eddy	Elizabeth	eelizabeth3x@nih.gov
143	Rakel	Baudoux	rbaudoux3y@mashable.com
144	Stillman	Hamnett	shamnett3z@addtoany.com
145	Saunderson	Arrighini	sarrighini40@earthlink.net
146	Aime	Aristide	aaristide41@who.int
147	Stafford	Casbon	scasbon42@msu.edu
148	Rod	Dowling	rdowling43@usnews.com
149	Warner	O'Cannovane	wocannovane44@cdc.gov
150	Gabby	Lornsen	glornsen45@hibu.com
151	Elicia	Rivers	erivers46@yolasite.com
152	Yorgos	Saltsberger	ysaltsberger47@usatoday.com
153	Emanuel	Aldcorne	ealdcorne48@dailymotion.com
154	Bel	Ruppele	bruppele49@blogger.com
155	Stepha	Spellward	sspellward4a@gmpg.org
156	Audre	McColm	amccolm4b@un.org
157	Jeromy	Ohlsen	johlsen4c@t-online.de
158	Rene	Quinn	rquinn4d@pbs.org
159	North	Moxom	nmoxom4e@google.co.uk
160	Ximenes	Manjin	xmanjin4f@ustream.tv
161	Niko	Reeman	nreeman4g@tinypic.com
162	Dugald	Baily	dbaily4h@github.com
163	Annette	Emberton	aemberton4i@weather.com
164	Cynthea	Mewes	cmewes4j@ucoz.ru
165	Federico	Ezzell	fezzell4k@de.vu
166	Carroll	Sapseed	csapseed4l@wiley.com
167	Orland	Gregoli	ogregoli4m@g.co
168	Lucretia	Ebbin	lebbin4n@list-manage.com
169	Julie	Robardley	jrobardley4o@issuu.com
170	Julian	Tracey	jtracey4p@so-net.ne.jp
171	Lou	Mounfield	lmounfield4q@yahoo.com
172	Cesaro	McConnell	cmcconnell4r@spiegel.de
173	Danni	Edelston	dedelston4s@google.co.uk
174	Caesar	Husbands	chusbands4t@about.com
175	Merry	Elstone	melstone4u@deviantart.com
176	Gertrudis	Maylour	gmaylour4v@paginegialle.it
177	Tomlin	Selway	tselway4w@hexun.com
178	Shayna	Ellingworth	sellingworth4x@vistaprint.com
179	Arlee	Kemster	akemster4y@rambler.ru
180	Lutero	Stranger	lstranger4z@istockphoto.com
181	Leia	Imore	limore50@apache.org
182	Corrie	Drinkwater	cdrinkwater51@blogger.com
183	Ludvig	Fomichkin	lfomichkin52@jalbum.net
184	Suzie	Davidi	sdavidi53@amazon.de
185	Corby	Slowgrove	cslowgrove54@xing.com
186	Cherey	Belmont	cbelmont55@networkadvertising.org
187	Kalle	Shergold	kshergold56@google.com.br
188	Harvey	Derle	hderle57@cmu.edu
189	Tasha	Ingleson	tingleson58@about.me
190	Emilio	Lidden	elidden59@princeton.edu
191	Lynnet	Abbess	labbess5a@skype.com
192	Emelda	Cawsby	ecawsby5b@latimes.com
193	Goddart	Bamsey	gbamsey5c@ftc.gov
194	Allyson	Woodberry	awoodberry5d@phoca.cz
195	Andi	Docksey	adocksey5e@usnews.com
196	Charmion	Dorkens	cdorkens5f@miibeian.gov.cn
197	Keefer	Bernardini	kbernardini5g@edublogs.org
198	Eimile	Pashan	epashan5h@foxnews.com
199	Brandyn	Seage	bseage5i@fema.gov
200	Nat	Confait	nconfait5j@youtube.com
201	Annemarie	de Aguirre	adeaguirre5k@ebay.com
202	Elsbeth	Edwardson	eedwardson5l@java.com
203	Shelley	Galland	sgalland5m@photobucket.com
204	Billi	Pechard	bpechard5n@vk.com
205	Tomasine	Sydall	tsydall5o@thetimes.co.uk
206	Yolanthe	Lefley	ylefley5p@amazon.de
207	Almeta	Flather	aflather5q@mapquest.com
208	Adam	Josipovic	ajosipovic5r@phpbb.com
209	Virgie	Yitzhakof	vyitzhakof5s@forbes.com
210	Coretta	Thornewill	cthornewill5t@discuz.net
211	Townsend	Clulee	tclulee5u@techcrunch.com
212	Celle	Durrand	cdurrand5v@so-net.ne.jp
213	Cathyleen	Espadate	cespadate5w@pbs.org
214	Tressa	Campbell-Dunlop	tcampbelldunlop5x@prlog.org
215	Bea	Ebden	bebden5y@ezinearticles.com
216	Sean	Perryman	sperryman5z@live.com
217	Dukey	Lammenga	dlammenga60@lulu.com
218	Em	Randals	erandals61@usda.gov
219	Malia	Bruster	mbruster62@sphinn.com
220	Hubey	Stormouth	hstormouth63@1688.com
221	Dody	Laste	dlaste64@usa.gov
222	Emmi	O'Roan	eoroan65@unesco.org
223	Babara	Oluwatoyin	boluwatoyin66@t.co
224	Far	Roaf	froaf67@mit.edu
225	Claire	Sobieski	csobieski68@narod.ru
226	Ron	Varsey	rvarsey69@netscape.com
227	Allianora	Tregidga	atregidga6a@meetup.com
228	Yasmin	Kupec	ykupec6b@fema.gov
229	Coralyn	Cadlock	ccadlock6c@oaic.gov.au
230	Kessia	Osgar	kosgar6d@arizona.edu
231	Ossie	Gomar	ogomar6e@tinyurl.com
232	Julian	Blockey	jblockey6f@globo.com
233	Marys	Darrigone	mdarrigone6g@bloomberg.com
234	Selle	Castaignet	scastaignet6h@businessweek.com
235	Brewster	Spong	bspong6i@go.com
236	Vinson	Mayhou	vmayhou6j@google.com.hk
237	Ami	Geffcock	ageffcock6k@nih.gov
238	Olimpia	Espy	oespy6l@mit.edu
239	Mack	Mulvy	mmulvy6m@smh.com.au
240	Fitz	Tunney	ftunney6n@tuttocitta.it
241	Noelle	Vuittet	nvuittet6o@unblog.fr
242	My	Arnull	marnull6p@scientificamerican.com
243	Kris	Monson	kmonson6q@wisc.edu
244	Reynolds	Thorndale	rthorndale6r@lycos.com
245	Franchot	Joynes	fjoynes6s@usnews.com
246	Hermann	Ibbison	hibbison6t@ox.ac.uk
247	Larry	Collingworth	lcollingworth6u@nbcnews.com
248	Roberto	Inman	rinman6v@mtv.com
249	Mame	Sibylla	msibylla6w@wikia.com
250	Fletcher	Avramovich	favramovich6x@ebay.co.uk
251	Tiff	Reany	treany6y@weibo.com
252	Trenna	Kimber	tkimber6z@amazon.de
253	Aggie	Eveque	aeveque70@live.com
254	Hamish	Rhodus	hrhodus71@geocities.com
255	Gerri	Spain	gspain72@wsj.com
256	Norris	Lamminam	nlamminam73@people.com.cn
257	Daveta	Franzotto	dfranzotto74@hc360.com
258	Latisha	Filippazzo	lfilippazzo75@bizjournals.com
259	Cheslie	Sturte	csturte76@apple.com
260	Vania	Spellesy	vspellesy77@multiply.com
261	Mathilda	Marie	mmarie78@4shared.com
262	Dianne	Mebs	dmebs79@posterous.com
263	Stacee	Linley	slinley7a@narod.ru
264	Tiertza	Gyngyll	tgyngyll7b@blog.com
265	Caressa	Hertwell	chertwell7c@sourceforge.net
266	Etti	Cressor	ecressor7d@wikispaces.com
267	Eduardo	Arni	earni7e@devhub.com
268	Gorden	Falck	gfalck7f@ebay.co.uk
269	Ezmeralda	Koba	ekoba7g@canalblog.com
270	Edlin	Camoys	ecamoys7h@ucoz.ru
271	Roxane	Amner	ramner7i@newsvine.com
272	Paddy	Bickardike	pbickardike7j@ifeng.com
273	Maighdiln	McLauchlin	mmclauchlin7k@dell.com
274	Sax	Bodiam	sbodiam7l@google.de
275	Marcy	Bannell	mbannell7m@prweb.com
276	Crissie	Gooddie	cgooddie7n@salon.com
277	Buck	Dibden	bdibden7o@com.com
278	Earl	Ethridge	eethridge7p@bloglines.com
279	Tillie	Zmitruk	tzmitruk7q@furl.net
280	Cirilo	Churches	cchurches7r@bloglovin.com
281	Julian	Maben	jmaben7s@cnet.com
282	Jacynth	Weems	jweems7t@tripod.com
283	Cristian	Pepys	cpepys7u@geocities.jp
284	Karlee	McGiffie	kmcgiffie7v@msn.com
285	Vivian	Dundridge	vdundridge7w@cam.ac.uk
286	Sheelagh	Wenger	swenger7x@wikispaces.com
287	Lexy	Housden	lhousden7y@hubpages.com
288	Erskine	Friary	efriary7z@de.vu
289	Delmor	Hallaways	dhallaways80@tripadvisor.com
290	Karlene	Olivia	kolivia81@exblog.jp
291	Joline	Firth	jfirth82@de.vu
292	Courtnay	Campsall	ccampsall83@surveymonkey.com
293	Raina	Mounsie	rmounsie84@google.ru
294	Sandye	Mickan	smickan85@pinterest.com
295	Lambert	Rudolfer	lrudolfer86@ox.ac.uk
296	Evin	Macieja	emacieja87@loc.gov
297	Lily	Deverale	ldeverale88@nyu.edu
298	Talia	Gamon	tgamon89@bbc.co.uk
299	Rube	Blasetti	rblasetti8a@ox.ac.uk
300	Claribel	Izkoveski	cizkoveski8b@miitbeian.gov.cn
301	Melany	Sivess	msivess8c@over-blog.com
302	Kent	Harrington	kharrington8d@ox.ac.uk
303	Wernher	Goodhall	wgoodhall8e@comcast.net
304	Sergent	Grassett	sgrassett8f@craigslist.org
305	Morganica	Peniman	mpeniman8g@addtoany.com
306	Stevana	Hales	shales8h@newsvine.com
307	Artemas	Demkowicz	ademkowicz8i@163.com
308	Allan	Vairow	avairow8j@uol.com.br
309	Sonja	O'Roan	soroan8k@twitpic.com
310	Kerry	McQuirk	kmcquirk8l@sciencedirect.com
311	Lesli	Myderscough	lmyderscough8m@nih.gov
312	Heath	McDougal	hmcdougal8n@wunderground.com
313	Glynda	Greenhouse	ggreenhouse8o@oakley.com
314	Sofia	Gullifant	sgullifant8p@go.com
315	Glenda	Ganter	gganter8q@bravesites.com
316	Wadsworth	Sayer	wsayer8r@senate.gov
317	Feodor	Morgue	fmorgue8s@feedburner.com
318	Merl	Dalglish	mdalglish8t@time.com
319	Maximo	Burghill	mburghill8u@unblog.fr
320	Desirae	Landis	dlandis8v@apache.org
321	Web	Fayerbrother	wfayerbrother8w@moonfruit.com
322	Bogart	Runnett	brunnett8x@usatoday.com
323	Godard	Benjamin	gbenjamin8y@homestead.com
324	Aubry	Hek	ahek8z@barnesandnoble.com
325	Joellen	O'Downe	jodowne90@walmart.com
326	Birdie	Beardsdale	bbeardsdale91@nifty.com
327	Gianina	Spiring	gspiring92@so-net.ne.jp
328	Hunfredo	Todman	htodman93@gmpg.org
329	Levon	Tarbett	ltarbett94@berkeley.edu
330	Fred	Leveridge	fleveridge95@reddit.com
331	Jemmie	Fallow	jfallow96@dion.ne.jp
332	Pepi	Sibbald	psibbald97@ucla.edu
333	Cob	Swansborough	cswansborough98@edublogs.org
334	Crissy	Rosoni	crosoni99@unicef.org
335	Codee	Ourry	courry9a@netlog.com
336	Garner	Hamstead	ghamstead9b@chicagotribune.com
337	Ashlie	Ivanov	aivanov9c@wsj.com
338	Elmo	Kitcherside	ekitcherside9d@psu.edu
339	Sibilla	Pridden	spridden9e@uiuc.edu
340	Lenore	Grimmett	lgrimmett9f@sogou.com
341	Letti	Quigley	lquigley9g@yale.edu
342	Sayre	Grotty	sgrotty9h@pcworld.com
343	Eugen	Collimore	ecollimore9i@cbsnews.com
344	Violetta	Laurent	vlaurent9j@i2i.jp
345	Carlene	Stening	cstening9k@sakura.ne.jp
346	Doyle	Sleeford	dsleeford9l@goo.ne.jp
347	Lula	Lampke	llampke9m@google.it
348	Filip	Emanuel	femanuel9n@mac.com
349	Othilia	Forgan	oforgan9o@eventbrite.com
350	Kim	Plaster	kplaster9p@rediff.com
351	Lammond	Impey	limpey9q@mysql.com
352	Stella	Corker	scorker9r@bizjournals.com
353	Caitlin	Pichmann	cpichmann9s@discovery.com
354	Luciana	Showering	lshowering9t@theglobeandmail.com
355	Phyllis	Del Dello	pdeldello9u@state.gov
356	Nerti	Gierhard	ngierhard9v@hc360.com
357	Kit	Peachment	kpeachment9w@myspace.com
358	Rabi	Berkely	rberkely9x@delicious.com
359	Enrique	Sissot	esissot9y@canalblog.com
360	Morey	Molloy	mmolloy9z@themeforest.net
361	Rosalind	Malcolmson	rmalcolmsona0@over-blog.com
362	Deanna	Caile	dcailea1@goo.gl
363	Lizbeth	Braitling	lbraitlinga2@elegantthemes.com
364	Angelica	Verbrugge	averbruggea3@networksolutions.com
365	Homere	Serle	hserlea4@elpais.com
366	Paulo	Aronstein	paronsteina5@house.gov
367	Shanda	Frounks	sfrounksa6@creativecommons.org
368	Rebekkah	Kohrding	rkohrdinga7@harvard.edu
369	Dominga	Pettecrew	dpettecrewa8@hugedomains.com
370	Calla	Skeat	cskeata9@telegraph.co.uk
371	Jamil	Jowitt	jjowittaa@wikispaces.com
372	Corine	Loomis	cloomisab@timesonline.co.uk
373	Ginger	Vise	gviseac@deviantart.com
374	Sylas	Diack	sdiackad@weather.com
375	Aura	Lafontaine	alafontaineae@mapquest.com
376	Jonah	Firk	jfirkaf@blogger.com
377	Quillan	Sinnock	qsinnockag@usa.gov
378	Lilian	Antognetti	lantognettiah@edublogs.org
379	Siobhan	Dymond	sdymondai@noaa.gov
380	Oona	Billyard	obillyardaj@squarespace.com
381	Hyacinthia	Jellett	hjellettak@wired.com
382	Meredith	Hagger	mhaggeral@princeton.edu
383	Sansone	Godrich	sgodricham@a8.net
384	Katherine	Sowrah	ksowrahan@myspace.com
385	Tamma	Keets	tkeetsao@facebook.com
386	Claudetta	Godwyn	cgodwynap@over-blog.com
387	Tito	Yetton	tyettonaq@weibo.com
388	Dannie	Rickets	dricketsar@csmonitor.com
389	Augie	Doherty	adohertyas@patch.com
390	Della	Poat	dpoatat@telegraph.co.uk
391	Binni	Baynam	bbaynamau@so-net.ne.jp
392	Martino	Whitebread	mwhitebreadav@opensource.org
393	Hildegaard	Bellingham	hbellinghamaw@marketwatch.com
394	Donna	Angelini	dangeliniax@weibo.com
395	Samaria	Tearle	stearleay@macromedia.com
396	Emmie	Castagneri	ecastagneriaz@dyndns.org
397	Graig	Struijs	gstruijsb0@narod.ru
398	Warde	Heckney	wheckneyb1@toplist.cz
399	Hillary	McIlwrick	hmcilwrickb2@latimes.com
400	Isak	Klimochkin	iklimochkinb3@unicef.org
401	Moises	Ogley	mogleyb4@vinaora.com
402	Byrle	Garroway	bgarrowayb5@earthlink.net
403	Madelle	Seagood	mseagoodb6@arstechnica.com
404	Ware	Giovannacci	wgiovannaccib7@reddit.com
405	Kerrie	Nuzzi	knuzzib8@bizjournals.com
406	Guinevere	Woodbridge	gwoodbridgeb9@google.de
407	Fancie	Folland	ffollandba@opensource.org
408	Padget	Corneljes	pcorneljesbb@homestead.com
409	Jordon	Pigrome	jpigromebc@last.fm
410	Emmalee	Haydock	ehaydockbd@de.vu
411	Brose	Fellona	bfellonabe@wired.com
412	Granthem	Ruckhard	gruckhardbf@constantcontact.com
413	Gabriele	Blakeney	gblakeneybg@java.com
414	Jaquenetta	Bowick	jbowickbh@prweb.com
415	Kaycee	Dhenin	kdheninbi@auda.org.au
416	Cordie	Corp	ccorpbj@clickbank.net
417	Maudie	Mayworth	mmayworthbk@hhs.gov
418	Harriett	Broadey	hbroadeybl@51.la
419	Glenna	Le febre	glefebrebm@wordpress.com
420	Dorolice	Brabbins	dbrabbinsbn@nymag.com
421	Rachel	Yannikov	ryannikovbo@weibo.com
422	Sarette	Pickett	spickettbp@buzzfeed.com
423	Rainer	Leibold	rleiboldbq@uiuc.edu
424	Tabor	Gasnell	tgasnellbr@taobao.com
425	Clare	Marlor	cmarlorbs@netvibes.com
426	Ania	Faunt	afauntbt@blogger.com
427	Nicolai	Giffen	ngiffenbu@tuttocitta.it
428	Rosanna	Zupone	rzuponebv@utexas.edu
429	Leora	Tims	ltimsbw@nytimes.com
430	Gilbertina	O'Flynn	goflynnbx@qq.com
431	Kimball	Faulconbridge	kfaulconbridgeby@delicious.com
432	Shina	Minger	smingerbz@auda.org.au
433	Theresa	Lohering	tloheringc0@feedburner.com
434	Trula	Sunman	tsunmanc1@multiply.com
435	Peri	Craggs	pcraggsc2@tripod.com
436	Carmina	Dufore	cduforec3@ibm.com
437	Leontine	Keepence	lkeepencec4@statcounter.com
438	Jacenta	Grinston	jgrinstonc5@jugem.jp
439	Zsazsa	Davenhall	zdavenhallc6@qq.com
440	Weider	French	wfrenchc7@umich.edu
441	Evaleen	Jewis	ejewisc8@npr.org
442	Omar	Grebert	ogrebertc9@quantcast.com
443	Emogene	McLoney	emcloneyca@disqus.com
444	Adelina	Greves	agrevescb@e-recht24.de
445	Loleta	Dunton	lduntoncc@stanford.edu
446	Darnell	Lissandri	dlissandricd@symantec.com
447	Carlin	Parsisson	cparsissonce@alexa.com
448	Micah	Cantrill	mcantrillcf@nifty.com
449	Bertrando	Janku	bjankucg@whitehouse.gov
450	Mamie	Vinck	mvinckch@cpanel.net
451	Osbourn	Lennard	olennardci@cbc.ca
452	Grissel	Luna	glunacj@google.com.hk
453	Fionna	Shovel	fshovelck@pagesperso-orange.fr
454	Vassily	Kernell	vkernellcl@123-reg.co.uk
455	Mil	Dalliwatr	mdalliwatrcm@opera.com
456	Patric	Garfitt	pgarfittcn@google.nl
457	Garrick	Copper	gcopperco@gmpg.org
458	Martynne	Bebis	mbebiscp@sourceforge.net
459	Siouxie	Punyer	spunyercq@aboutads.info
460	Husein	Pengelley	hpengelleycr@google.co.jp
461	Emlyn	Dunkerley	edunkerleycs@wsj.com
462	Darcie	Grenter	dgrenterct@redcross.org
463	Gustavus	Tummond	gtummondcu@booking.com
464	Lester	Gaynesford	lgaynesfordcv@marketwatch.com
465	Marylynne	Grishmanov	mgrishmanovcw@china.com.cn
466	Marc	Patillo	mpatillocx@goodreads.com
467	Zondra	Simchenko	zsimchenkocy@tamu.edu
468	Lane	Rojas	lrojascz@addtoany.com
469	Davy	Joreau	djoreaud0@issuu.com
470	Bar	Panyer	bpanyerd1@ucsd.edu
471	Tami	Fellnee	tfellneed2@parallels.com
472	Anderea	Esselin	aesselind3@yellowbook.com
473	Clayborn	Stickland	csticklandd4@usgs.gov
474	Meryl	Ohlsen	mohlsend5@discovery.com
475	Kenny	Lillo	klillod6@fda.gov
476	Nonah	Duffus	nduffusd7@shinystat.com
477	Guenna	Rowlin	growlind8@gravatar.com
478	Chantalle	Dat	cdatd9@usnews.com
479	Norby	Edington	nedingtonda@mysql.com
480	Clint	Aiskrigg	caiskriggdb@whitehouse.gov
481	Camel	Fincken	cfinckendc@last.fm
482	Zacharie	Arnal	zarnaldd@reddit.com
483	Elisabetta	Laity	elaityde@timesonline.co.uk
484	Quintana	Gatward	qgatwarddf@bbb.org
485	Drake	Brittles	dbrittlesdg@jimdo.com
486	Paige	Eicke	peickedh@google.co.jp
487	Ernst	Gleasane	egleasanedi@weebly.com
488	Rebeka	Dewey	rdeweydj@irs.gov
489	Kendre	Medcraft	kmedcraftdk@statcounter.com
490	Sadye	Beasley	sbeasleydl@woothemes.com
491	Klement	Sangwine	ksangwinedm@latimes.com
492	Ruggiero	Biggin	rbiggindn@si.edu
493	Cindy	Glenwright	cglenwrightdo@oakley.com
494	Mortimer	Whalley	mwhalleydp@marriott.com
495	Davida	Barenskie	dbarenskiedq@nydailynews.com
496	Katti	McAllaster	kmcallasterdr@epa.gov
497	Ekaterina	Killeley	ekilleleyds@google.de
498	Aloisia	Meineken	ameinekendt@vinaora.com
499	Sabina	Stainer	sstainerdu@tinypic.com
500	Reinaldos	Ransome	rransomedv@bluehost.com
501	Lolly	Walewski	lwalewskidw@123-reg.co.uk
502	Trumaine	Lawford	tlawforddx@about.me
503	Kora	Buckenham	kbuckenhamdy@census.gov
504	Fae	Warrington	fwarringtondz@cbc.ca
505	Brockie	Gollin	bgolline0@tinypic.com
506	Cherrita	Hyder	chydere1@mapquest.com
507	Chevy	Chatburn	cchatburne2@nifty.com
508	York	Belone	ybelonee3@hatena.ne.jp
509	Brandie	Quarry	bquarrye4@amazon.com
510	Paddy	Kedslie	pkedsliee5@fc2.com
511	Elizabet	Shattock	eshattocke6@nasa.gov
512	Tulley	Leathers	tleatherse7@eventbrite.com
513	Donia	Mc Caughen	dmccaughene8@youtu.be
514	Ketty	O'Currine	kocurrinee9@acquirethisname.com
515	Fayina	Rodder	frodderea@over-blog.com
516	Martie	Danielsky	mdanielskyeb@elpais.com
517	Shaw	Butner	sbutnerec@freewebs.com
518	Den	Thurstan	dthurstaned@wikipedia.org
519	Olga	Minelli	ominelliee@mapquest.com
520	Pattin	Dubbin	pdubbinef@yellowpages.com
521	Clywd	Cleghorn	ccleghorneg@businessinsider.com
522	Marys	Rowlinson	mrowlinsoneh@tuttocitta.it
523	Bill	Ert	bertei@blogtalkradio.com
524	Ami	Benezeit	abenezeitej@whitehouse.gov
525	Nickie	Atmore	natmoreek@goo.ne.jp
526	Meade	Tomley	mtomleyel@vinaora.com
527	Emmey	Jorgesen	ejorgesenem@ucoz.ru
528	Willie	Acuna	wacunaen@cnbc.com
529	Reed	Vannuccinii	rvannucciniieo@omniture.com
530	Demetre	Ericsson	dericssonep@photobucket.com
531	Lucina	Rowbrey	lrowbreyeq@howstuffworks.com
532	Goober	Camm	gcammer@furl.net
533	Clementine	Huddy	chuddyes@prlog.org
534	Crin	Saffer	csafferet@economist.com
535	Reggie	Edwards	redwardseu@utexas.edu
536	Fenelia	Seagrave	fseagraveev@yellowbook.com
537	Vincent	Ziehms	vziehmsew@fda.gov
538	Benson	Dowdall	bdowdallex@cnn.com
539	Evelyn	Lamplugh	elamplughey@google.com.br
540	Johannes	Giacoppoli	jgiacoppoliez@over-blog.com
541	Whitaker	Dobrowlski	wdobrowlskif0@hc360.com
542	Nikolaos	Pyser	npyserf1@infoseek.co.jp
543	Peta	McNeill	pmcneillf2@e-recht24.de
544	Gunner	Gourlay	ggourlayf3@google.com.hk
545	Wolfy	Savoury	wsavouryf4@forbes.com
546	Cindelyn	Ambroz	cambrozf5@japanpost.jp
547	Nelle	Boak	nboakf6@imageshack.us
548	Ilysa	Cookney	icookneyf7@ocn.ne.jp
549	Rupert	Gauntlett	rgauntlettf8@chronoengine.com
550	Becca	Meneghelli	bmeneghellif9@home.pl
551	Sabra	Sutherley	ssutherleyfa@ucoz.ru
552	Reinaldos	Heigho	rheighofb@gnu.org
553	Arden	Caile	acailefc@freewebs.com
554	Reginald	McCraine	rmccrainefd@japanpost.jp
555	Carlotta	Harvie	charviefe@ucoz.ru
556	Demetris	Ramalho	dramalhoff@livejournal.com
557	Louie	Savill	lsavillfg@linkedin.com
558	Saba	Christley	schristleyfh@oracle.com
559	Maryrose	Rolse	mrolsefi@ihg.com
560	Umberto	Gallen	ugallenfj@cornell.edu
561	Clim	Collier	ccollierfk@kickstarter.com
562	Aveline	Brugman	abrugmanfl@bravesites.com
563	Frayda	Golder	fgolderfm@paginegialle.it
564	Ade	Norcott	anorcottfn@globo.com
565	Thomasin	Reiner	treinerfo@globo.com
566	Peta	Skipsey	pskipseyfp@bigcartel.com
567	Mufinella	Jacketts	mjackettsfq@businessinsider.com
568	Jessa	Giacomuzzi	jgiacomuzzifr@blog.com
569	Ulrica	Rippingall	urippingallfs@nydailynews.com
570	Mahmud	Hodcroft	mhodcroftft@google.com.br
571	Cesya	Van Cassel	cvancasselfu@hexun.com
572	Archy	Glencross	aglencrossfv@deliciousdays.com
573	Zaria	Wooland	zwoolandfw@home.pl
574	Caitlin	Maddin	cmaddinfx@dot.gov
575	Allis	Bruneton	abrunetonfy@php.net
576	Tom	Orht	torhtfz@wix.com
577	Gino	Goley	ggoleyg0@nationalgeographic.com
578	Quint	Vaney	qvaneyg1@ucoz.ru
579	Annelise	Devanny	adevannyg2@mtv.com
580	Hilary	Padrick	hpadrickg3@moonfruit.com
581	Abbie	Marton	amartong4@hexun.com
582	Chen	Harbidge	charbidgeg5@seattletimes.com
583	Cristen	Melledy	cmelledyg6@yellowpages.com
584	Walsh	Le Pruvost	wlepruvostg7@goo.gl
585	Pietra	Grushin	pgrushing8@wufoo.com
586	Lolly	Bitcheno	lbitchenog9@whitehouse.gov
587	Cyrus	MacCall	cmaccallga@ameblo.jp
588	Alwyn	Maha	amahagb@europa.eu
589	Essa	Spriggen	espriggengc@sun.com
590	Isidora	Janoschek	ijanoschekgd@trellian.com
591	Samantha	Elcocks	selcocksge@samsung.com
592	Cherilyn	Chadwell	cchadwellgf@skype.com
593	Kimmi	Weightman	kweightmangg@discovery.com
594	Weston	Douce	wdoucegh@technorati.com
595	Tracie	Jennins	tjenninsgi@ask.com
596	Salim	Landon	slandongj@spiegel.de
597	Pepito	Wallington	pwallingtongk@meetup.com
598	Gradey	Crolla	gcrollagl@stumbleupon.com
599	Cherilynn	Denny	cdennygm@imageshack.us
600	Kliment	Diehn	kdiehngn@lycos.com
601	Maryjane	Inworth	minworthgo@cafepress.com
602	Granville	Dennant	gdennantgp@flickr.com
603	Alexis	Watkin	awatkingq@wsj.com
604	Paulita	Torfin	ptorfingr@studiopress.com
605	Lewie	Heggadon	lheggadongs@reverbnation.com
606	Jesse	Keymer	jkeymergt@reverbnation.com
607	Humphrey	Beyne	hbeynegu@icq.com
608	Elva	Tures	eturesgv@stanford.edu
609	Salomone	Di Biaggi	sdibiaggigw@stanford.edu
610	Amery	Pautot	apautotgx@twitpic.com
611	Arabela	Charlton	acharltongy@csmonitor.com
612	Padget	Saltsberger	psaltsbergergz@trellian.com
613	Burch	Gawith	bgawithh0@ameblo.jp
614	Maitilde	Rockwell	mrockwellh1@netvibes.com
615	Clevey	Blackwell	cblackwellh2@house.gov
616	Tomlin	Maciejewski	tmaciejewskih3@cocolog-nifty.com
617	Harold	Petch	hpetchh4@g.co
618	Rick	Theis	rtheish5@si.edu
619	Merwin	Corter	mcorterh6@census.gov
620	Carolina	Kilmurray	ckilmurrayh7@economist.com
621	Xaviera	Gossage	xgossageh8@reference.com
622	Erastus	McCrow	emccrowh9@e-recht24.de
623	Yankee	Escalante	yescalanteha@reverbnation.com
624	Beau	Brawson	bbrawsonhb@pbs.org
625	Alexis	Gockeler	agockelerhc@blinklist.com
626	Letta	Tungate	ltungatehd@digg.com
627	Banky	Bodle	bbodlehe@bloomberg.com
628	Zahara	Rate	zratehf@tinyurl.com
629	Zsa zsa	Matskevich	zmatskevichhg@infoseek.co.jp
630	Binni	Palke	bpalkehh@hao123.com
631	Peyton	Klugman	pklugmanhi@csmonitor.com
632	Kayla	Hasselby	khasselbyhj@fotki.com
633	Bruis	Wallentin	bwallentinhk@bluehost.com
634	Janella	Peller	jpellerhl@tmall.com
635	Kathy	Nance	knancehm@squarespace.com
636	Barbara	Bauman	bbaumanhn@reddit.com
637	Elihu	Davidou	edavidouho@google.com.hk
638	Decca	Vasilkov	dvasilkovhp@ifeng.com
639	Kathy	McKitterick	kmckitterickhq@macromedia.com
640	Dulcine	Vinter	dvinterhr@nsw.gov.au
641	Silva	Kohtler	skohtlerhs@dot.gov
642	Elnore	Clavering	eclaveringht@t.co
643	Orran	McCrystal	omccrystalhu@elegantthemes.com
644	Nealson	Spraggs	nspraggshv@scribd.com
645	Lorrayne	Bispham	lbisphamhw@ovh.net
646	Elena	Peetermann	epeetermannhx@issuu.com
647	Linnet	Swyne	lswynehy@npr.org
648	Ted	Lamplough	tlamploughhz@drupal.org
649	Corny	Burger	cburgeri0@freewebs.com
650	Ainsley	Gaskarth	agaskarthi1@a8.net
651	Washington	Bothbie	wbothbiei2@amazon.co.uk
652	Alessandro	Senogles	asenoglesi3@yellowpages.com
653	Kassi	Fendt	kfendti4@alexa.com
654	Daphene	Yurenin	dyurenini5@clickbank.net
655	Deane	Bowle	dbowlei6@blogger.com
656	Gil	Filippello	gfilippelloi7@scribd.com
657	Reiko	Mumbey	rmumbeyi8@merriam-webster.com
658	Dominique	Orgel	dorgeli9@weibo.com
659	Torrey	Bonsul	tbonsulia@craigslist.org
660	Allix	Bunch	abunchib@timesonline.co.uk
661	Nickola	Brafield	nbrafieldic@cam.ac.uk
662	Zebedee	Fever	zfeverid@prlog.org
663	Esma	Handes	ehandesie@gnu.org
664	Townsend	Philpotts	tphilpottsif@nature.com
665	Morganica	Cello	mcelloig@icio.us
666	Agnes	Dunn	adunnih@mayoclinic.com
667	Daria	de Mullett	ddemullettii@dagondesign.com
668	Selby	Hellard	shellardij@earthlink.net
669	Johanna	Galbreath	jgalbreathik@xing.com
670	Nico	Blaasch	nblaaschil@sohu.com
671	Wylma	Brownbill	wbrownbillim@zdnet.com
672	Parke	Avrasin	pavrasinin@opera.com
673	Jerry	McQuarter	jmcquarterio@1688.com
674	Orville	Benson	obensonip@businessinsider.com
675	Griffie	Mixture	gmixtureiq@statcounter.com
676	Paul	Farlambe	pfarlambeir@webeden.co.uk
677	Elie	Bannard	ebannardis@wikipedia.org
678	Dotti	Iacobassi	diacobassiit@reverbnation.com
679	Dru	Teligin	dteliginiu@alibaba.com
680	Eliza	Heggie	eheggieiv@cisco.com
681	Darby	Hagan	dhaganiw@ted.com
682	Madalyn	Coast	mcoastix@github.io
683	Klarrisa	Crust	kcrustiy@tumblr.com
684	Phebe	Coryndon	pcoryndoniz@about.com
685	Dierdre	Teasdale	dteasdalej0@1688.com
686	Bendix	Cromblehome	bcromblehomej1@addtoany.com
687	Chloris	Townley	ctownleyj2@apple.com
688	Rani	Whild	rwhildj3@sphinn.com
689	Noble	Goodyear	ngoodyearj4@paypal.com
690	Dodi	Totman	dtotmanj5@artisteer.com
691	Koral	Leades	kleadesj6@xing.com
692	Morry	McGettigan	mmcgettiganj7@usgs.gov
693	Mathian	Jakubski	mjakubskij8@seattletimes.com
694	Saree	Sandars	ssandarsj9@uiuc.edu
695	Everett	Kasbye	ekasbyeja@twitpic.com
696	Jessalin	Belvard	jbelvardjb@studiopress.com
697	Donelle	Pues	dpuesjc@barnesandnoble.com
698	Donn	Layton	dlaytonjd@slideshare.net
699	Swen	Dealy	sdealyje@dailymail.co.uk
700	Adrian	Montel	amonteljf@cocolog-nifty.com
701	Cecilius	Kollaschek	ckollaschekjg@i2i.jp
702	Malva	Driscoll	mdriscolljh@who.int
703	Claudius	Simonin	csimoninji@noaa.gov
704	Kingston	Povah	kpovahjj@nsw.gov.au
705	Augustine	Fardo	afardojk@xinhuanet.com
706	Rory	Murrhaupt	rmurrhauptjl@mlb.com
707	Suzy	Readmire	sreadmirejm@last.fm
708	Ediva	Jonathon	ejonathonjn@imageshack.us
709	Brucie	Soanes	bsoanesjo@walmart.com
710	Lloyd	Tabor	ltaborjp@tuttocitta.it
711	Raquela	Garstan	rgarstanjq@smh.com.au
712	Bessy	Getsham	bgetshamjr@istockphoto.com
713	Orella	Jerrems	ojerremsjs@artisteer.com
714	Gene	Whetson	gwhetsonjt@twitpic.com
715	Cayla	Champniss	cchampnissju@exblog.jp
716	Mord	Linskey	mlinskeyjv@edublogs.org
717	Gunilla	Durtnel	gdurtneljw@unesco.org
718	Clayborne	Zapata	czapatajx@washington.edu
719	Jervis	Halfpenny	jhalfpennyjy@wordpress.org
720	Doralyn	Bussell	dbusselljz@oaic.gov.au
721	Puff	Cullity	pcullityk0@indiatimes.com
722	Annabel	Lydall	alydallk1@zdnet.com
723	Jeth	Francesch	jfranceschk2@vistaprint.com
724	Gibbie	Draisey	gdraiseyk3@patch.com
725	Aurelie	Nicholes	anicholesk4@vinaora.com
726	Lucais	Biford	lbifordk5@goodreads.com
727	Casper	Eades	ceadesk6@comsenz.com
728	Karoly	Danilowicz	kdanilowiczk7@twitter.com
729	Dav	Prestage	dprestagek8@multiply.com
730	Giff	Chastelain	gchastelaink9@vimeo.com
731	Mycah	Bendtsen	mbendtsenka@ocn.ne.jp
732	Valentine	Cawker	vcawkerkb@ameblo.jp
733	Iggy	Coakley	icoakleykc@dedecms.com
734	Teodoor	Burgher	tburgherkd@amazon.co.jp
735	Raimondo	Barkhouse	rbarkhouseke@va.gov
736	Cyrus	Garz	cgarzkf@furl.net
737	Constantin	Hambidge	chambidgekg@soundcloud.com
738	Jean	Gladdifh	jgladdifhkh@engadget.com
739	Federico	Sweetlove	fsweetloveki@stanford.edu
740	Jareb	Siggers	jsiggerskj@unblog.fr
741	Claus	Curmi	ccurmikk@digg.com
742	Brewer	Sieve	bsievekl@pagesperso-orange.fr
743	Pauly	Norwich	pnorwichkm@nyu.edu
744	Gawen	Riccard	griccardkn@arizona.edu
745	Gustave	Chopy	gchopyko@mashable.com
746	Alwyn	Stilly	astillykp@furl.net
747	Evvie	Navaro	enavarokq@hostgator.com
748	Imelda	Southern	isouthernkr@plala.or.jp
749	Simonne	Frisch	sfrischks@ucla.edu
750	Rene	Raft	rraftkt@jimdo.com
751	Ayn	Rotchell	arotchellku@devhub.com
752	Fons	Ottee	fotteekv@canalblog.com
753	Natalee	Laterza	nlaterzakw@jimdo.com
754	Kora	Krop	kkropkx@prweb.com
755	Carl	Bidder	cbidderky@marketwatch.com
756	Laurice	Fellona	lfellonakz@miitbeian.gov.cn
757	Carling	Hopfner	chopfnerl0@prlog.org
758	Darin	O'Downe	dodownel1@google.co.jp
759	Yule	Ruzicka	yruzickal2@ucsd.edu
760	Irv	Husk	ihuskl3@pen.io
761	Marlene	Murch	mmurchl4@php.net
762	Paolina	Wrettum	pwrettuml5@narod.ru
763	Fidole	Larderot	flarderotl6@xing.com
764	Tina	Fairfoull	tfairfoulll7@sfgate.com
765	Mylo	Wisker	mwiskerl8@chicagotribune.com
766	Vanda	Haggar	vhaggarl9@sourceforge.net
767	Nefen	Mealing	nmealingla@geocities.com
768	Delmar	Gerb	dgerblb@google.fr
769	Karney	Locket	klocketlc@oaic.gov.au
770	Elwira	Karlmann	ekarlmannld@xing.com
771	Corry	Takle	ctaklele@google.com.br
772	Meredith	Filippucci	mfilippuccilf@mit.edu
773	August	Soppeth	asoppethlg@usda.gov
774	Grady	Lyvon	glyvonlh@symantec.com
775	Fara	Monini	fmoninili@ow.ly
776	Ambros	Witcher	awitcherlj@bbc.co.uk
777	Uriel	Adrien	uadrienlk@economist.com
778	Danica	Brookhouse	dbrookhousell@arstechnica.com
779	Faye	Leport	fleportlm@purevolume.com
780	Hyman	Okeshott	hokeshottln@businessweek.com
781	Balduin	Matyushonok	bmatyushonoklo@cnet.com
782	Ravi	Plaister	rplaisterlp@ifeng.com
783	Hilly	Okey	hokeylq@ehow.com
784	Flss	Melonby	fmelonbylr@apple.com
785	Alica	Ruddle	aruddlels@purevolume.com
786	Tasha	Crebo	tcrebolt@geocities.jp
787	Sigfrid	Milksop	smilksoplu@discovery.com
788	Allx	Sivell	asivelllv@google.co.jp
789	Ermengarde	Santhouse	esanthouselw@arizona.edu
790	Brunhilda	Alwen	balwenlx@cdc.gov
791	Padriac	Cardenas	pcardenasly@bloglovin.com
792	Kristoffer	Spiby	kspibylz@ted.com
793	Claudine	Eginton	cegintonm0@npr.org
794	Marisa	Gilogly	mgiloglym1@unblog.fr
795	Aurthur	Guerrazzi	aguerrazzim2@berkeley.edu
796	Orran	Swindells	oswindellsm3@berkeley.edu
797	Jozef	Tibbles	jtibblesm4@blinklist.com
798	Fletch	Tennant	ftennantm5@elegantthemes.com
799	Henryetta	Tarburn	htarburnm6@springer.com
800	Coreen	Schafer	cschaferm7@topsy.com
801	Tomi	Keohane	tkeohanem8@ebay.com
802	Tamas	Denial	tdenialm9@sciencedirect.com
803	Anthiathia	Valente	avalentema@fema.gov
804	Karel	Groarty	kgroartymb@1und1.de
805	Sherline	Andreucci	sandreuccimc@hostgator.com
806	Bili	Drewett	bdrewettmd@yahoo.co.jp
807	Kathi	Joselevitch	kjoselevitchme@flickr.com
808	Jerrilee	Spawforth	jspawforthmf@loc.gov
809	Maximilian	Wait	mwaitmg@nhs.uk
810	Daron	Bruniges	dbrunigesmh@nytimes.com
811	Rivalee	Lias	rliasmi@hc360.com
812	Robyn	Houliston	rhoulistonmj@squarespace.com
813	Bill	Whitehead	bwhiteheadmk@bandcamp.com
814	Liane	Pipet	lpipetml@youtu.be
815	Geno	Palke	gpalkemm@wiley.com
816	Jack	Writtle	jwrittlemn@is.gd
817	Amelie	Linklet	alinkletmo@webs.com
818	Vito	Crosfeld	vcrosfeldmp@hhs.gov
819	Deerdre	Blenkinship	dblenkinshipmq@rambler.ru
820	Allissa	Ticksall	aticksallmr@wiley.com
821	Clive	Southerell	csoutherellms@virginia.edu
822	Hilary	Andrioli	handriolimt@clickbank.net
823	Cash	Aaronson	caaronsonmu@csmonitor.com
824	Jenilee	Layborn	jlaybornmv@youtube.com
825	Charyl	Warnock	cwarnockmw@blinklist.com
826	Inger	Alleburton	ialleburtonmx@tiny.cc
827	Danica	Lummis	dlummismy@sciencedirect.com
828	Karina	Buttel	kbuttelmz@gov.uk
829	Deirdre	Gilbard	dgilbardn0@nasa.gov
830	Lonnie	Wilshin	lwilshinn1@msn.com
831	Justus	Ugoni	jugonin2@yolasite.com
832	Twyla	Guerin	tguerinn3@zimbio.com
833	Averill	McGiffin	amcgiffinn4@artisteer.com
834	Peggy	Lebbern	plebbernn5@ustream.tv
835	Lyndsie	Guilloton	lguillotonn6@yolasite.com
836	Ronald	Rubinow	rrubinown7@hao123.com
837	Ringo	Castellaccio	rcastellaccion8@trellian.com
838	Urbain	Anfonsi	uanfonsin9@cocolog-nifty.com
839	Rickey	Jackways	rjackwaysna@ycombinator.com
840	Barr	Fery	bferynb@themeforest.net
841	Marabel	MacAleese	mmacaleesenc@yandex.ru
842	Flem	Duplan	fduplannd@tinyurl.com
843	Kenneth	Keeves	kkeevesne@redcross.org
844	Jule	Pritchard	jpritchardnf@parallels.com
845	Base	Lukash	blukashng@dedecms.com
846	Milicent	Matchett	mmatchettnh@amazon.com
847	Fanny	Cowpland	fcowplandni@chronoengine.com
848	Tobie	Janik	tjaniknj@go.com
849	Marcelline	Laurant	mlaurantnk@home.pl
850	Noelyn	Osichev	nosichevnl@sciencedirect.com
851	Alexine	Vasser	avassernm@statcounter.com
852	Maure	Stroban	mstrobannn@gnu.org
853	Coleen	Muneely	cmuneelyno@jugem.jp
854	Margarete	Hagan	mhagannp@ihg.com
855	Arlena	Annakin	aannakinnq@alibaba.com
856	Daune	Burch	dburchnr@blogger.com
857	Katleen	Bolzmann	kbolzmannns@weather.com
858	Gris	Stanfield	gstanfieldnt@acquirethisname.com
859	Stephanie	Abramcik	sabramciknu@dmoz.org
860	Paddy	Miskin	pmiskinnv@tumblr.com
861	Gus	Scotford	gscotfordnw@berkeley.edu
862	Bren	Freeland	bfreelandnx@mail.ru
863	Taylor	Peyto	tpeytony@prweb.com
864	Charlean	Frascone	cfrasconenz@twitpic.com
865	Emily	Evenett	eevenetto0@tumblr.com
866	Blinny	Oneill	boneillo1@youtu.be
867	Teodor	Staton	tstatono2@people.com.cn
868	Ulick	Filtness	ufiltnesso3@dot.gov
869	Zedekiah	Bercher	zberchero4@jigsy.com
870	Jelene	Blackden	jblackdeno5@whitehouse.gov
871	Ashley	Palombi	apalombio6@networksolutions.com
872	Miguela	Jopp	mjoppo7@whitehouse.gov
873	Leonore	Rutgers	lrutgerso8@ow.ly
874	Dix	Colleford	dcollefordo9@baidu.com
875	Byron	Cardinale	bcardinaleoa@china.com.cn
876	Freddi	Bettis	fbettisob@gizmodo.com
877	Evangelin	Knutton	eknuttonoc@uol.com.br
878	Lucita	De Blasio	ldeblasiood@bing.com
879	Aguie	Brimelow	abrimelowoe@apple.com
880	Burr	Goadsby	bgoadsbyof@cbsnews.com
881	Lianna	Ivanichev	livanichevog@patch.com
882	Sapphira	Bome	sbomeoh@ihg.com
883	Alika	Di Matteo	adimatteooi@chronoengine.com
884	Perl	Duckerin	pduckerinoj@google.it
885	Winne	Matterdace	wmatterdaceok@trellian.com
886	Rorke	Lutwyche	rlutwycheol@noaa.gov
887	Kasper	Sugars	ksugarsom@blogs.com
888	Cristi	Hatchette	chatchetteon@senate.gov
889	Dalli	Prosch	dproschoo@gnu.org
890	Christye	Loakes	cloakesop@independent.co.uk
891	Astra	Towriss	atowrissoq@usatoday.com
892	Myrta	Weiss	mweissor@example.com
893	Laverna	Furley	lfurleyos@census.gov
894	Terence	Everingham	teveringhamot@howstuffworks.com
895	Spense	Henze	shenzeou@pinterest.com
896	Rosalia	Tylor	rtylorov@cafepress.com
897	Dusty	Perott	dperottow@dedecms.com
898	Bethena	Kennaird	bkennairdox@cam.ac.uk
899	Delia	Songer	dsongeroy@cloudflare.com
900	Avictor	Spofford	aspoffordoz@unblog.fr
901	Jermayne	Pady	jpadyp0@wikimedia.org
902	Allys	Sheed	asheedp1@tumblr.com
903	Valeda	Jeroch	vjerochp2@baidu.com
904	Wenda	Lemmer	wlemmerp3@hexun.com
905	Evelyn	Brumby	ebrumbyp4@pinterest.com
906	Alick	Rude	arudep5@freewebs.com
907	Nessa	Faulkener	nfaulkenerp6@t-online.de
908	Bruno	Stanford	bstanfordp7@simplemachines.org
909	Larine	Pinnigar	lpinnigarp8@surveymonkey.com
910	Arlinda	Dionisi	adionisip9@photobucket.com
911	Sigismond	Greenlees	sgreenleespa@aboutads.info
912	Alexine	Seagood	aseagoodpb@themeforest.net
913	Bogey	Pickerin	bpickerinpc@unicef.org
914	Alexi	Moodey	amoodeypd@instagram.com
915	Arnie	Murrie	amurriepe@vk.com
916	Jacky	Knoton	jknotonpf@discuz.net
917	Dietrich	La Rosa	dlarosapg@hugedomains.com
918	Rhett	Deguara	rdeguaraph@huffingtonpost.com
919	Romona	Blackaby	rblackabypi@census.gov
920	Robb	Ivchenko	rivchenkopj@spiegel.de
921	Deedee	Burbidge	dburbidgepk@pen.io
922	Willey	Houten	whoutenpl@google.co.uk
923	Alaster	D'Ruel	adruelpm@mail.ru
924	Ebeneser	MacFie	emacfiepn@bigcartel.com
925	Belle	Purple	bpurplepo@umn.edu
926	Sylvan	Fydoe	sfydoepp@webmd.com
927	Dode	Kibbee	dkibbeepq@angelfire.com
928	Gertrude	Ardley	gardleypr@issuu.com
929	Rosalinde	Corkitt	rcorkittps@macromedia.com
930	Joyan	Snowden	jsnowdenpt@dion.ne.jp
931	Megan	Georgeon	mgeorgeonpu@51.la
932	Nicol	Witherdon	nwitherdonpv@ycombinator.com
933	Randell	Hedman	rhedmanpw@ebay.com
934	Joshuah	Ewestace	jewestacepx@lulu.com
935	Gregor	Voss	gvosspy@ucla.edu
936	Henryetta	Warbeys	hwarbeyspz@facebook.com
937	Way	Pyrton	wpyrtonq0@arizona.edu
938	Garrard	Drinan	gdrinanq1@youtu.be
939	Adrian	Farnall	afarnallq2@vistaprint.com
940	Gerta	Gosswell	ggosswellq3@tmall.com
941	Ray	Collingworth	rcollingworthq4@ft.com
942	Ellsworth	Milnes	emilnesq5@house.gov
943	Georgina	Vasyutin	gvasyutinq6@seesaa.net
944	Hector	Redmell	hredmellq7@ox.ac.uk
945	Susanetta	Possel	sposselq8@shinystat.com
946	Rodina	Corro	rcorroq9@acquirethisname.com
947	Britte	Mathy	bmathyqa@wired.com
948	Cristal	Harlin	charlinqb@tinyurl.com
949	Urban	Kos	ukosqc@harvard.edu
950	Cirstoforo	Farquar	cfarquarqd@seattletimes.com
951	Carlie	Dagg	cdaggqe@discuz.net
952	Constantine	Mattam	cmattamqf@wordpress.org
953	Tammi	Britt	tbrittqg@yellowbook.com
954	Kendra	Pinckard	kpinckardqh@wordpress.org
955	Bale	Arthurs	barthursqi@netlog.com
956	Desiri	Hassell	dhassellqj@netvibes.com
957	Anastasia	Kuhnwald	akuhnwaldqk@amazon.co.uk
958	Rollin	Quye	rquyeql@wiley.com
959	Ortensia	Bowstead	obowsteadqm@ocn.ne.jp
960	Brunhilda	Hanmore	bhanmoreqn@istockphoto.com
961	Vidovic	Kleinhaus	vkleinhausqo@salon.com
962	Beale	Crookshanks	bcrookshanksqp@is.gd
963	Cybil	Lackney	clackneyqq@mapy.cz
964	Cloe	Porritt	cporrittqr@issuu.com
965	Palm	Paulack	ppaulackqs@networksolutions.com
966	Meagan	Twinbrow	mtwinbrowqt@mlb.com
967	L;urette	McAline	lmcalinequ@prweb.com
968	Kimberley	Craster	kcrasterqv@so-net.ne.jp
969	Bev	Hissett	bhissettqw@flavors.me
970	Kerri	Cholmondeley	kcholmondeleyqx@sbwire.com
971	Romonda	Jeanenet	rjeanenetqy@altervista.org
972	Karl	Morman	kmormanqz@w3.org
973	Gretta	Hurdle	ghurdler0@blogspot.com
974	Ardelia	Archbell	aarchbellr1@wp.com
975	Blisse	Yetman	byetmanr2@yale.edu
976	Ladonna	Jantel	ljantelr3@ucoz.com
977	Darcey	Joye	djoyer4@forbes.com
978	Brook	Bowne	bbowner5@ed.gov
979	Inger	Hover	ihoverr6@dropbox.com
980	Ganny	Lambeth	glambethr7@disqus.com
981	Fritz	Ovenell	fovenellr8@sogou.com
982	Tallie	Barenskie	tbarenskier9@amazon.com
983	Ursula	Kerins	ukerinsra@forbes.com
984	Curt	Tilly	ctillyrb@exblog.jp
985	Noland	Mackriell	nmackriellrc@cmu.edu
986	Laural	Coudray	lcoudrayrd@biglobe.ne.jp
987	Knox	Oglethorpe	koglethorpere@amazon.co.jp
988	Rosemary	Arnaudon	rarnaudonrf@salon.com
989	Annaliese	Stallion	astallionrg@unesco.org
990	Salaidh	Berndt	sberndtrh@accuweather.com
991	Gerhardine	Crinidge	gcrinidgeri@imageshack.us
992	Burg	Vassie	bvassierj@livejournal.com
993	Ode	Yurukhin	oyurukhinrk@illinois.edu
994	Marijo	Giacopazzi	mgiacopazzirl@ucsd.edu
995	Humbert	Roblou	hroblourm@domainmarket.com
996	Reine	Scurrah	rscurrahrn@smugmug.com
997	Sibyl	Hutchins	shutchinsro@archive.org
998	Garv	Babbe	gbabberp@newsvine.com
999	Munmro	Cinavas	mcinavasrq@chicagotribune.com
1000	Myriam	Vlasyuk	mvlasyukrr@usa.gov
